left_side,right_side,similairity
Anil1122,Anil11,0.818037348
Kalicharan21,Kalicharan1,0.807052019
Testaccount566,Testaccount565,0.878712819
Testaccount566,Testaccount563,0.86942164
Testaccount566,Testaccount564,0.86942164
Testaccount566,Testaccount561,0.859676065
Testaccount565,Testaccount566,0.878712819
Testaccount565,Testaccount563,0.873195064
Testaccount565,Testaccount564,0.873195064
Testaccount565,Testaccount561,0.863407192
Testaccount564,Testaccount565,0.873195064
Testaccount564,Testaccount566,0.86942164
Testaccount564,Testaccount563,0.863962227
Testaccount564,Testaccount561,0.854277849
Testaccount563,Testaccount565,0.873195064
Testaccount563,Testaccount566,0.86942164
Testaccount563,Testaccount564,0.863962227
Testaccount563,Testaccount561,0.854277849
Aryadarshi,Aryadarshi11,0.848181533
Kuma10,Kuma1,0.823161385
Kuma1,Kuma10,0.823161385
Bhanu2999,bhanu299,0.824970947
bhanu2909,Anu2909,0.802950651
Joker2405,Poker2405,0.857778714
bhanu299,Bhanu2999,0.824970947
Umma10,Umma1,0.860675811
Umma1,Umma10,0.860675811
Tuaa10,Tuaa1,0.866126199
Tuaa1,Tuaa10,0.866126199
Kuldeep123a,Kuldeep1,0.822278556
Vibia10,Vibia1,0.887944299
Vibia1,Vibia10,0.887944299
Hibia10,Hibia1,0.887944299
Hibia1,Hibia10,0.887944299
Lankesh13,Lankesh12,0.81780141
Aklash,Aklas,0.942307526
Rani55,Rani5,0.817674621
Pranithis008,Pranithis007,0.902293752
Pranithis007,Pranithis008,0.902293752
Rohitagarwal273,Rohitagarwal2703,0.845630212
Aklas,Aklash,0.942307526
Bhola198888,Bhola1988,0.807625672
Lankesh12,Lankesh13,0.81780141
Testaccount561,Testaccount565,0.863407192
Testaccount561,Testaccount566,0.859676065
Testaccount561,Testaccount563,0.854277849
Testaccount561,Testaccount564,0.854277849
Testaccount559,Testaccount555,0.884730042
Testaccount559,Testaccount550,0.867692676
Testaccount559,Testaccount551,0.865230248
Testaccount559,Testaccount552,0.865230248
Testaccount559,Testaccount553,0.865230248
Testaccount559,Testaccount554,0.865230248
Testaccount559,Testaccount558,0.865230248
Testaccount558,Testaccount555,0.887868104
Testaccount558,Testaccount550,0.870770308
Testaccount558,Testaccount551,0.868299146
Testaccount558,Testaccount552,0.868299146
Testaccount558,Testaccount553,0.868299146
Testaccount558,Testaccount554,0.868299146
Testaccount558,Testaccount559,0.865230248
Abhiraj106,Abhiraj105,0.802418302
Testaccount555,Testaccount550,0.890394958
Testaccount555,Testaccount551,0.887868104
Testaccount555,Testaccount552,0.887868104
Testaccount555,Testaccount553,0.887868104
Testaccount555,Testaccount554,0.887868104
Testaccount555,Testaccount558,0.887868104
Testaccount555,Testaccount559,0.884730042
Testaccount554,Testaccount555,0.887868104
Testaccount554,Testaccount550,0.870770308
Testaccount554,Testaccount551,0.868299146
Testaccount554,Testaccount552,0.868299146
Testaccount554,Testaccount553,0.868299146
Testaccount554,Testaccount558,0.868299146
Testaccount554,Testaccount559,0.865230248
Testaccount553,Testaccount555,0.887868104
Testaccount553,Testaccount550,0.870770308
Testaccount553,Testaccount551,0.868299146
Testaccount553,Testaccount552,0.868299146
Testaccount553,Testaccount554,0.868299146
Testaccount553,Testaccount558,0.868299146
Testaccount553,Testaccount559,0.865230248
Testaccount552,Testaccount555,0.887868104
Testaccount552,Testaccount550,0.870770308
Testaccount552,Testaccount551,0.868299146
Testaccount552,Testaccount553,0.868299146
Testaccount552,Testaccount554,0.868299146
Testaccount552,Testaccount558,0.868299146
Testaccount552,Testaccount559,0.865230248
Testaccount551,Testaccount555,0.887868104
Testaccount551,Testaccount550,0.870770308
Testaccount551,Testaccount552,0.868299146
Testaccount551,Testaccount553,0.868299146
Testaccount551,Testaccount554,0.868299146
Testaccount551,Testaccount558,0.868299146
Testaccount551,Testaccount559,0.865230248
Testaccount550,Testaccount555,0.890394958
Testaccount550,Testaccount551,0.870770308
Testaccount550,Testaccount552,0.870770308
Testaccount550,Testaccount553,0.870770308
Testaccount550,Testaccount554,0.870770308
Testaccount550,Testaccount558,0.870770308
Testaccount550,Testaccount559,0.867692676
Abhiraj105,Abhiraj106,0.802418302
Abhi321,Abhi321995,0.811104984
Kingofqueens,Kingofqueenss,0.930417352
Nadia10,Nadia1,0.885064326
Bluffmaster78,Bluffmaster$,0.835074799
Bluffmaster78,Bluffmaster11,0.82623941
Ravi01,Ravi011,0.889479597
Sattaking48,Sattaking,0.815614776
Good12345,Good1234,0.944818076
Sunilkumar1,Sunilkumarak,0.857064788
Nadia1,Nadia10,0.885064326
Pankaj1999,Pankaj1995,0.870974192
Hiiiiiiiiih,Aiiiiiiiii,0.958343068
Hiiiiiiiiih,Abhiiiiiii,0.928567734
Vipin11,Vipin111,0.938919662
Testaccount549,Testaccount543,0.875317364
Testaccount549,Testaccount544,0.875317364
Testaccount549,Testaccount545,0.875317364
Testaccount549,Testaccount541,0.867692676
Testaccount549,Testaccount546,0.867692676
Testaccount549,Testaccount542,0.863655581
Testaccount549,Testaccount547,0.863655581
Testaccount549,Testaccount548,0.863655581
Testaccount548,Testaccount543,0.865701716
Testaccount548,Testaccount544,0.865701716
Testaccount548,Testaccount545,0.865701716
Testaccount548,Testaccount549,0.863655581
Testaccount548,Testaccount541,0.858160788
Testaccount548,Testaccount546,0.858160788
Testaccount548,Testaccount542,0.854168042
Testaccount548,Testaccount547,0.854168042
Testaccount547,Testaccount543,0.865701716
Testaccount547,Testaccount544,0.865701716
Testaccount547,Testaccount545,0.865701716
Testaccount547,Testaccount549,0.863655581
Testaccount547,Testaccount541,0.858160788
Testaccount547,Testaccount546,0.858160788
Testaccount547,Testaccount542,0.854168042
Testaccount547,Testaccount548,0.854168042
Testaccount546,Testaccount543,0.869748375
Testaccount546,Testaccount544,0.869748375
Testaccount546,Testaccount545,0.869748375
Testaccount546,Testaccount549,0.867692676
Testaccount546,Testaccount541,0.862172197
Testaccount546,Testaccount542,0.858160788
Testaccount546,Testaccount547,0.858160788
Testaccount546,Testaccount548,0.858160788
Testaccount545,Testaccount543,0.877391127
Testaccount545,Testaccount544,0.877391127
Testaccount545,Testaccount549,0.875317364
Testaccount545,Testaccount541,0.869748375
Testaccount545,Testaccount546,0.869748375
Testaccount545,Testaccount542,0.865701716
Testaccount545,Testaccount547,0.865701716
Testaccount545,Testaccount548,0.865701716
Bluffmaster11,Bluffmaster$,0.843677251
Bluffmaster11,Bluffmaster78,0.82623941
Soberxdx,Soberxd,0.894923464
Zerohero6,Zerohero,0.920308359
Kingfisher2,Kingfisher13,0.827871469
Madamjik4,Madamjik1,0.823432227
Madamjik4,Madamjik2,0.813180906
kadali33,kadali3,0.873801742
Madamjik3,Madamjik1,0.810573193
Madamjik3,Madamjik2,0.80048196
kadali32,kadali3,0.861428841
Madamjik2,Madamjik1,0.827483687
Madamjik2,Madamjik4,0.813180906
Madamjik2,Madamjik3,0.80048196
Madamjik1,Madamjik2,0.827483687
Madamjik1,Madamjik4,0.823432227
Madamjik1,Madamjik3,0.810573193
kadali31,kadali3,0.847803334
kadali30,kadali3,0.836897333
Raina567,Raina56,0.924083673
Raina56,Raina567,0.924083673
kadali29,kadali2,0.840323499
Dipttisk20,Dipttisk2,0.919709067
Totamra6,Totamra1,0.817470445
Dipttisk18,Dipttisk1,0.90740301
Dipttisk18,Dipttisk12,0.849849128
Dipttisk18,Dipttisk11,0.840678789
Dipttisk18,Dipttisk15,0.833401748
Dipttisk18,Dipttisk14,0.831423275
Dipttisk18,Dipttisk10,0.829161743
Dipttisk18,Dipttisk13,0.826527365
Dipttisk18,Dipttisk16,0.826527365
Dipttisk18,Dipttisk17,0.819484565
Totamra5,Totamra1,0.813616922
Dipttisk17,Dipttisk1,0.903109816
Dipttisk17,Dipttisk12,0.845828238
Dipttisk17,Dipttisk11,0.836701287
Dipttisk17,Dipttisk15,0.829458676
Dipttisk17,Dipttisk14,0.827489564
Dipttisk17,Dipttisk10,0.825238731
Dipttisk17,Dipttisk13,0.822616818
Dipttisk17,Dipttisk16,0.822616818
Dipttisk17,Dipttisk18,0.819484565
kadali28,kadali2,0.854450542
Dipttisk16,Dipttisk1,0.910871307
Dipttisk16,Dipttisk12,0.853097441
Dipttisk16,Dipttisk11,0.84389205
Dipttisk16,Dipttisk15,0.836587195
Dipttisk16,Dipttisk14,0.83460116
Dipttisk16,Dipttisk10,0.832330984
Dipttisk16,Dipttisk13,0.829686537
Dipttisk16,Dipttisk18,0.826527365
Dipttisk16,Dipttisk17,0.822616818
Totamra4,Totamra1,0.808861382
Totamra3,Totamra1,0.817470445
kadali27,kadali2,0.848295486
Dipttisk15,Dipttisk1,0.918447193
Dipttisk15,Dipttisk12,0.860192811
Dipttisk15,Dipttisk11,0.850910858
Dipttisk15,Dipttisk14,0.841542694
Dipttisk15,Dipttisk10,0.839253636
Dipttisk15,Dipttisk13,0.836587195
Dipttisk15,Dipttisk16,0.836587195
Dipttisk15,Dipttisk18,0.833401748
Dipttisk15,Dipttisk17,0.829458676
Dipttisk14,Dipttisk1,0.916266825
Dipttisk14,Dipttisk12,0.858150737
Dipttisk14,Dipttisk11,0.848890819
Dipttisk14,Dipttisk15,0.841542694
Dipttisk14,Dipttisk10,0.837261271
Dipttisk14,Dipttisk13,0.83460116
Dipttisk14,Dipttisk16,0.83460116
Dipttisk14,Dipttisk18,0.831423275
Dipttisk14,Dipttisk17,0.827489564
kadali26,kadali2,0.848295486
Dipttisk11,Dipttisk1,0.926466828
Dipttisk11,Dipttisk12,0.867703784
Dipttisk11,Dipttisk15,0.850910858
Dipttisk11,Dipttisk14,0.848890819
Dipttisk11,Dipttisk10,0.846581774
Dipttisk11,Dipttisk13,0.84389205
Dipttisk11,Dipttisk16,0.84389205
Dipttisk11,Dipttisk18,0.840678789
Dipttisk11,Dipttisk17,0.836701287
Totamra2,Totamra1,0.82592466
Dipttisk13,Dipttisk1,0.910871307
Dipttisk13,Dipttisk12,0.853097441
Dipttisk13,Dipttisk11,0.84389205
Dipttisk13,Dipttisk15,0.836587195
Dipttisk13,Dipttisk14,0.83460116
Dipttisk13,Dipttisk10,0.832330984
Dipttisk13,Dipttisk16,0.829686537
Dipttisk13,Dipttisk18,0.826527365
Dipttisk13,Dipttisk17,0.822616818
Totamra1,Totamra2,0.82592466
Totamra1,Totamra3,0.817470445
Totamra1,Totamra6,0.817470445
Totamra1,Totamra5,0.813616922
Totamra1,Totamra4,0.808861382
Dipttisk12,Dipttisk1,0.936572965
Dipttisk12,Dipttisk11,0.867703784
Dipttisk12,Dipttisk15,0.860192811
Dipttisk12,Dipttisk14,0.858150737
Dipttisk12,Dipttisk10,0.855816504
Dipttisk12,Dipttisk13,0.853097441
Dipttisk12,Dipttisk16,0.853097441
Dipttisk12,Dipttisk18,0.849849128
Dipttisk12,Dipttisk17,0.845828238
Dipttisk10,Dipttisk1,0.913774512
Dipttisk10,Dipttisk12,0.855816504
Dipttisk10,Dipttisk11,0.846581774
Dipttisk10,Dipttisk15,0.839253636
Dipttisk10,Dipttisk14,0.837261271
Dipttisk10,Dipttisk13,0.832330984
Dipttisk10,Dipttisk16,0.832330984
Dipttisk10,Dipttisk18,0.829161743
Dipttisk10,Dipttisk17,0.825238731
Dipttisk9,Dipttisk1,0.809841772
Dipttisk8,Dipttisk1,0.815639753
Dipttisk7,Dipttisk1,0.809841772
kadali25,kadali2,0.854450542
Dipttisk6,Dipttisk1,0.809841772
Dipttisk4,Dipttisk1,0.809841772
kadali24,kadali2,0.840323499
Dipttisk5,Dipttisk1,0.815639753
kadali23,kadali2,0.854450542
Dipttisk3,Dipttisk1,0.809841772
kadali22,kadali2,0.854450542
Dipttisk1,Dipttisk12,0.936572965
Dipttisk1,Dipttisk11,0.926466828
Dipttisk1,Dipttisk15,0.918447193
Dipttisk1,Dipttisk14,0.916266825
Dipttisk1,Dipttisk10,0.913774512
Dipttisk1,Dipttisk13,0.910871307
Dipttisk1,Dipttisk16,0.910871307
Dipttisk1,Dipttisk18,0.90740301
Dipttisk1,Dipttisk17,0.903109816
Dipttisk2,Dipttisk20,0.919709067
Dipttisk2,Dipttisk1,0.823689914
kadali21,kadali2,0.840323499
Monsapk20,Monsapk2,0.906218108
Ramusk10,Ramusk1,0.888999293
Monsapk19,Monsapk1,0.89301814
Monsapk19,Monsapk12,0.824456721
Monsapk19,Monsapk11,0.813797143
Monsapk19,Monsapk15,0.805387126
Monsapk19,Monsapk14,0.80310798
Monsapk19,Monsapk10,0.800506574
Monsapk18,Monsapk1,0.888979201
Monsapk18,Monsapk12,0.820727872
Monsapk18,Monsapk11,0.810116504
Monsapk18,Monsapk15,0.801744524
kadali20,kadali2,0.867305846
Monsapk17,Monsapk1,0.883991644
Monsapk17,Monsapk12,0.816123234
Monsapk17,Monsapk11,0.8055714
kadali19,kadali1,0.878305498
Monsapk16,Monsapk1,0.89301814
Monsapk16,Monsapk12,0.824456721
Monsapk16,Monsapk11,0.813797143
Monsapk16,Monsapk15,0.805387126
Monsapk16,Monsapk14,0.80310798
Monsapk16,Monsapk10,0.800506574
Monsapk15,Monsapk1,0.901870958
Monsapk15,Monsapk12,0.832629865
Monsapk15,Monsapk11,0.821864614
Monsapk15,Monsapk14,0.811069485
Monsapk15,Monsapk10,0.808442291
Monsapk15,Monsapk16,0.805387126
Monsapk15,Monsapk19,0.805387126
Monsapk15,Monsapk18,0.801744524
Monsapk14,Monsapk1,0.899318775
Monsapk14,Monsapk12,0.830273625
Monsapk14,Monsapk11,0.819538838
Monsapk14,Monsapk15,0.811069485
Monsapk14,Monsapk10,0.806154499
Monsapk14,Monsapk16,0.80310798
Monsapk14,Monsapk19,0.80310798
Moinshaikh004,Moinshaikh001,0.89242162
Moinshaikh004,Moinshaikh002,0.891320044
Moinshaikh004,Moinshaikh003,0.884166138
Monsapk101,Monsapk10,0.936222551
Monsapk101,Monsapk1,0.839235255
Monsapk12,Monsapk1,0.923225055
Monsapk12,Monsapk11,0.841324356
Monsapk12,Monsapk15,0.832629865
Monsapk12,Monsapk14,0.830273625
Monsapk12,Monsapk10,0.827584225
Monsapk12,Monsapk16,0.824456721
Monsapk12,Monsapk19,0.824456721
Monsapk12,Monsapk18,0.820727872
Monsapk12,Monsapk17,0.816123234
Monsapk11,Monsapk1,0.911288479
Monsapk11,Monsapk12,0.841324356
Monsapk11,Monsapk15,0.821864614
Monsapk11,Monsapk14,0.819538838
Monsapk11,Monsapk10,0.81688421
Monsapk11,Monsapk16,0.813797143
Monsapk11,Monsapk19,0.813797143
Monsapk11,Monsapk18,0.810116504
Monsapk11,Monsapk17,0.8055714
Moinshaikh003,Moinshaikh001,0.902665655
Moinshaikh003,Moinshaikh002,0.901551434
Moinshaikh003,Moinshaikh004,0.884166138
Monsapk10,Monsapk101,0.936222551
Monsapk10,Monsapk1,0.896405726
Monsapk10,Monsapk12,0.827584225
Monsapk10,Monsapk11,0.81688421
Monsapk10,Monsapk15,0.808442291
Monsapk10,Monsapk14,0.806154499
Monsapk10,Monsapk16,0.800506574
Monsapk10,Monsapk19,0.800506574
Ramusk1,Ramusk10,0.888999293
kadali18,kadali1,0.837739802
kadali17,kadali1,0.826326488
kadali16,kadali1,0.85203655
Monsapk2,Monsapk20,0.906218108
Moinshaikh002,Moinshaikh001,0.909969242
Moinshaikh002,Moinshaikh003,0.901551434
Moinshaikh002,Moinshaikh004,0.891320044
Monsapk1,Monsapk12,0.923225055
Monsapk1,Monsapk11,0.911288479
Monsapk1,Monsapk15,0.901870958
Monsapk1,Monsapk14,0.899318775
Monsapk1,Monsapk10,0.896405726
Monsapk1,Monsapk16,0.89301814
Monsapk1,Monsapk19,0.89301814
Monsapk1,Monsapk18,0.888979201
Monsapk1,Monsapk17,0.883991644
kadali15,kadali1,0.845806236
kadali14,kadali1,0.868291086
kadali13,kadali1,0.85203655
Moinshaikh001,Moinshaikh002,0.909969242
Moinshaikh001,Moinshaikh003,0.902665655
Moinshaikh001,Moinshaikh004,0.89242162
kadali12,kadali1,0.907816816
kadali11,kadali1,0.868291086
kadali10,kadali1,0.865055686
Nilu77888,Nilu7788,0.941015657
Nilu7788,Nilu77888,0.941015657
kadali3,kadali33,0.873801742
kadali3,kadali32,0.861428841
kadali3,kadali31,0.847803334
kadali3,kadali30,0.836897333
kadali2,kadali20,0.867305846
kadali2,kadali23,0.854450542
kadali2,kadali22,0.854450542
kadali2,kadali25,0.854450542
kadali2,kadali28,0.854450542
kadali2,kadali26,0.848295486
kadali2,kadali27,0.848295486
kadali2,kadali21,0.840323499
kadali2,kadali24,0.840323499
kadali1,kadali12,0.907816816
kadali1,kadali19,0.878305498
kadali1,kadali14,0.868291086
kadali1,kadali11,0.868291086
kadali1,kadali10,0.865055686
kadali1,kadali16,0.85203655
kadali1,kadali13,0.85203655
kadali1,kadali15,0.845806236
kadali1,kadali18,0.837739802
Soberxd,Soberxdx,0.894923464
Testaccount544,Testaccount543,0.877391127
Testaccount544,Testaccount545,0.877391127
Testaccount544,Testaccount549,0.875317364
Testaccount544,Testaccount541,0.869748375
Testaccount544,Testaccount546,0.869748375
Testaccount544,Testaccount542,0.865701716
Testaccount544,Testaccount547,0.865701716
Testaccount544,Testaccount548,0.865701716
Hero121121,Hero121,0.854780189
Doctor000,Doctor0,0.891073523
Rk1110,Rk1111,0.831879251
Deepak121211,Deepak12121,0.94710787
Good1234,Good12345,0.944818076
Testaccount543,Testaccount544,0.877391127
Testaccount543,Testaccount545,0.877391127
Testaccount543,Testaccount549,0.875317364
Testaccount543,Testaccount541,0.869748375
Testaccount543,Testaccount546,0.869748375
Testaccount543,Testaccount542,0.865701716
Testaccount543,Testaccount547,0.865701716
Testaccount543,Testaccount548,0.865701716
Testaccount542,Testaccount543,0.865701716
Testaccount542,Testaccount544,0.865701716
Testaccount542,Testaccount545,0.865701716
Testaccount542,Testaccount549,0.863655581
Testaccount542,Testaccount541,0.858160788
Testaccount542,Testaccount546,0.858160788
Testaccount542,Testaccount547,0.854168042
Testaccount542,Testaccount548,0.854168042
Deepak12121,Deepak121211,0.94710787
Doctor0,Doctor000,0.891073523
Aiiiiiiiii,Hiiiiiiiiih,0.958343068
Aiiiiiiiii,Abhiiiiiii,0.941581404
Chanchal13,Chanchal12,0.828871837
Biglick,Biglick69,0.822865145
Kaleem7834,Kaleem786,0.809885179
Chanchal12,Chanchal13,0.828871837
Abhi321995,Abhi321,0.811104984
Super11,Super12,0.805296372
Bluffmaster$,Bluffmaster11,0.843677251
Bluffmaster$,Bluffmaster78,0.835074799
Nakul122,Nakul12,0.920466084
Vipin111,Vipin11,0.938919662
Aryadarshi11,Aryadarshi,0.848181533
Mohit244,Mohit24,0.889589553
Rajeshpoker,Rajeshpok,0.909178751
Abhiiiiiii,Aiiiiiiiii,0.941581404
Abhiiiiiii,Hiiiiiiiiih,0.928567734
Testaccount541,Testaccount543,0.869748375
Testaccount541,Testaccount544,0.869748375
Testaccount541,Testaccount545,0.869748375
Testaccount541,Testaccount549,0.867692676
Testaccount541,Testaccount546,0.862172197
Testaccount541,Testaccount542,0.858160788
Testaccount541,Testaccount547,0.858160788
Testaccount541,Testaccount548,0.858160788
Nakul12,Nakul122,0.920466084
Anil11,Anil1122,0.818037348
Hero121,Hero121121,0.854780189
Rajeshpok,Rajeshpoker,0.909178751
Sattaking,Sattaking48,0.815614776
Zerohero,Zerohero6,0.920308359
Biglick69,Biglick,0.822865145
Super12,Super11,0.805296372
AviGupta1,AviGupta,0.93431259
Mohit24,Mohit244,0.889589553
Mudiram77,Mudiram,0.823116907
Kingkiruba195,Kingkiruba,0.832892408
Kalicharan1234,Kalicharan1,0.888170694
Gokuldossk,Gokuldoss,0.919537034
Kingkiruba,Kingkiruba195,0.832892408
Pankaj1995,Pankaj1999,0.870974192
Mudiram,Mudiram77,0.823116907
Ravi011,Ravi01,0.889479597
Sunilkumarak,Sunilkumar1,0.857064788
Gokuldoss,Gokuldossk,0.919537034
Rani5,Rani55,0.817674621
grajag1,grajag,0.820186519
grajag,grajag1,0.820186519
Rohitagarwal2703,Rohitagarwal273,0.845630212
Chakarborty,Chakarborty5,0.924857388
Chakarborty5,Chakarborty,0.924857388
Motiyan4,Motiyan,0.910506721
pagalcobra12,pagalcobra,0.927081613
Kuldeep1,Kuldeep123a,0.822278556
pagalcobra,pagalcobra12,0.927081613
Motiyan,Motiyan4,0.910506721
Pkmeena121,P.k.meena,0.817749195
P.k.meena,Pkmeena121,0.817749195
Kaleem786,Kaleem7834,0.809885179
Rk1111,Rk1110,0.831879251
Poker2405,Joker2405,0.857778714
testAccount439,testAccount431,0.886662487
testAccount439,testAccount432,0.885417291
testAccount439,testAccount433,0.878262496
testAccount439,testAccount435,0.878262496
testAccount439,testAccount436,0.875458084
testAccount439,testAccount434,0.871775023
testAccount439,testAccount438,0.871775023
testAccount439,testAccount437,0.866461374
Keshav152,Keshav1521998,0.800008129
AviGupta,AviGupta1,0.93431259
Vaja0191,Raja0191,0.802984333
Kalicharan1,Kalicharan1234,0.888170694
Kalicharan1,Kalicharan21,0.807052019
Joshua200j,Joshua200,0.902706558
Joshua200j,Joshua2005,0.836528367
Bala0191i,Bala0191,0.874753307
Joshua2005,Joshua200,0.926689143
Joshua2005,Joshua200j,0.836528367
Joshua200,Joshua2005,0.926689143
Joshua200,Joshua200j,0.902706558
Harsh9,Harsh98,0.844178072
Kingofqueenss,Kingofqueens,0.930417352
Raja0191,Raja01911,0.902514247
Raja0191,Vaja0191,0.802984333
testAccount438,testAccount431,0.882932289
testAccount438,testAccount432,0.881692332
testAccount438,testAccount433,0.874567637
testAccount438,testAccount435,0.874567637
testAccount438,testAccount436,0.871775023
testAccount438,testAccount439,0.871775023
testAccount438,testAccount434,0.868107457
testAccount438,testAccount437,0.862816163
testAccount437,testAccount431,0.877550634
testAccount437,testAccount432,0.876318235
testAccount437,testAccount433,0.869236967
testAccount437,testAccount435,0.869236967
testAccount437,testAccount436,0.866461374
testAccount437,testAccount439,0.866461374
testAccount437,testAccount434,0.862816163
testAccount437,testAccount438,0.862816163
testAccount436,testAccount431,0.886662487
testAccount436,testAccount432,0.885417291
testAccount436,testAccount433,0.878262496
testAccount436,testAccount435,0.878262496
testAccount436,testAccount439,0.875458084
testAccount436,testAccount434,0.871775023
testAccount436,testAccount438,0.871775023
testAccount436,testAccount437,0.866461374
